slug,category,text,score
bandarban,mountain,Bandarban comfortable stay would return spotless room with great view,4
bandarban,mountain,Bandarban spotless room with great view comfortable stay would return comfortable stay would return,4
bandarban,mountain,Bandarban decent location but small rooms comfortable stay would return,3
bandarban,mountain,Bandarban horrible smell and broken air conditioning expected better from the pictures,1
bandarban,mountain,Bandarban fine but nothing to remember,3
bandarban,mountain,Bandarban amazing experience wonderful staff good service and clean room,4
bandarban,mountain,Bandarban expected better from the pictures staff ignored our complaints,1
bandarban,mountain,Bandarban terrible service and dirty room,1
bandarban,mountain,Bandarban staff ignored our complaints,1
bandarban,mountain,Bandarban not worth the price horrible smell and broken air conditioning,1
bandarban,mountain,Bandarban average stay nothing special,3
bandarban,mountain,Bandarban mediocre rooms with bad lighting,2
bandarban,mountain,Bandarban fine but nothing to remember comfortable stay would return,3
bandarban,mountain,Bandarban spotless room with great view memorable stay with excellent food,5
bandarban,mountain,Bandarban small room and unhelpful staff staff ignored our complaints mediocre rooms with bad lighting,2
bandarban,mountain,Bandarban outstanding service and perfect location,5
bandarban,mountain,Bandarban good service and clean room okay place for one night reasonable value for a short trip,3
bandarban,mountain,Bandarban rude staff and noisy place below average food and slow wifi,2
bandarban,mountain,Bandarban spotless room with great view,5
bandarban,mountain,Bandarban pleasant view and good wifi,4
bandarban,mountain,Bandarban rude staff and noisy place,1
bandarban,mountain,Bandarban worst experience ever not worth the price,2
bandarban,mountain,Bandarban average stay nothing special,3
bandarban,mountain,Bandarban reasonable value for a short trip,3
bandarban,mountain,Bandarban average stay nothing special comfortable stay would return mediocre rooms with bad lighting,3
bandarban,mountain,Bandarban great breakfast and friendly staff amazing experience wonderful staff,5
bandarban,mountain,Bandarban staff ignored our complaints rude staff and noisy place horrible smell and broken air conditioning,1
bandarban,mountain,Bandarban reasonable value for a short trip,3
bandarban,mountain,Bandarban decent location but small rooms below average food and slow wifi below average food and slow wifi,2
bandarban,mountain,Bandarban average stay nothing special good service and clean room reasonable value for a short trip,3
bandarban,mountain,Bandarban staff ignored our complaints rude staff and noisy place terrible service and dirty room,1
bandarban,mountain,Bandarban best trip ever highly recommend,5
bandarban,mountain,Bandarban spotless room with great view,5
bandarban,mountain,Bandarban okay place for one night mediocre rooms with bad lighting below average food and slow wifi,2
bandarban,mountain,Bandarban rude staff and noisy place mediocre rooms with bad lighting,1
bandarban,mountain,Bandarban best trip ever highly recommend pleasant view and good wifi decent location but small rooms,4
bandarban,mountain,Bandarban fine but nothing to remember average stay nothing special,3
bandarban,mountain,Bandarban great breakfast and friendly staff comfortable stay would return,4
bandarban,mountain,Bandarban memorable stay with excellent food,5
bandarban,mountain,Bandarban great breakfast and friendly staff best trip ever highly recommend,5
bandarban,mountain,Bandarban worst experience ever,1
bandarban,mountain,Bandarban spotless room with great view good service and clean room,4
bandarban,mountain,Bandarban not worth the price small room and unhelpful staff small room and unhelpful staff,2
bandarban,mountain,Bandarban okay place for one night nice food and helpful staff,4
bandarban,mountain,Bandarban outstanding service and perfect location,5
bandarban,mountain,Bandarban good service and clean room good service and clean room spotless room with great view,4
bandarban,mountain,Bandarban small room and unhelpful staff decent location but small rooms nice food and helpful staff,3
bandarban,mountain,Bandarban terrible service and dirty room worst experience ever horrible smell and broken air conditioning,1
bandarban,mountain,Bandarban good service and clean room memorable stay with excellent food pleasant view and good wifi,5
bandarban,mountain,Bandarban memorable stay with excellent food,5
bandarban,mountain,Bandarban outstanding service and perfect location,5
bandarban,mountain,Bandarban rude staff and noisy place average stay nothing special below average food and slow wifi,2
bandarban,mountain,Bandarban best trip ever highly recommend,5
bandarban,mountain,Bandarban staff ignored our complaints terrible service and dirty room,1
bandarban,mountain,Bandarban horrible smell and broken air conditioning,1
bandarban,mountain,Bandarban small room and unhelpful staff reasonable value for a short trip,2
bandarban,mountain,Bandarban not worth the price mediocre rooms with bad lighting,2
bandarban,mountain,Bandarban okay place for one night,3
bandarban,mountain,Bandarban mediocre rooms with bad lighting below average food and slow wifi reasonable value for a short trip,2
bandarban,mountain,Bandarban decent location but small rooms good service and clean room,3
bandarban,mountain,Bandarban staff ignored our complaints rude staff and noisy place,1
bandarban,mountain,Bandarban spotless room with great view best trip ever highly recommend,5
bandarban,mountain,Bandarban not worth the price terrible service and dirty room horrible smell and broken air conditioning,1
bandarban,mountain,Bandarban good service and clean room,4
bandarban,mountain,Bandarban okay place for one night not worth the price,3
bandarban,mountain,Bandarban spotless room with great view,5
bandarban,mountain,Bandarban memorable stay with excellent food,5
bandarban,mountain,Bandarban mediocre rooms with bad lighting okay place for one night,2
bandarban,mountain,Bandarban staff ignored our complaints,1
bandarban,mountain,Bandarban good service and clean room,4
bandarban,mountain,Bandarban good service and clean room,4
bandarban,mountain,Bandarban comfortable stay would return below average food and slow wifi decent location but small rooms,3
bandarban,mountain,Bandarban mediocre rooms with bad lighting,2
bandarban,mountain,Bandarban staff ignored our complaints mediocre rooms with bad lighting,1
bandarban,mountain,Bandarban memorable stay with excellent food amazing experience wonderful staff,5
bandarban,mountain,Bandarban best trip ever highly recommend best trip ever highly recommend,5
bandarban,mountain,Bandarban average stay nothing special good service and clean room best trip ever highly recommend,4
bandarban,mountain,Bandarban okay place for one night average stay nothing special,3
bandarban,mountain,Bandarban expected better from the pictures worst experience ever not worth the price,2
bandarban,mountain,Bandarban terrible service and dirty room mediocre rooms with bad lighting expected better from the pictures,2
bandarban,mountain,Bandarban best trip ever highly recommend amazing experience wonderful staff great breakfast and friendly staff,5
bandarban,mountain,Bandarban worst experience ever terrible service and dirty room rude staff and noisy place,1
bandarban,mountain,Bandarban not worth the price okay place for one night,2
bandarban,mountain,Bandarban worst experience ever,1
bandarban,mountain,Bandarban below average food and slow wifi,2
bandarban,mountain,Bandarban rude staff and noisy place,1
bandarban,mountain,Bandarban okay place for one night average stay nothing special good service and clean room,3
bandarban,mountain,Bandarban below average food and slow wifi,2
bandarban,mountain,Bandarban comfortable stay would return,4
bandarban,mountain,Bandarban great breakfast and friendly staff,4
bandarban,mountain,Bandarban expected better from the pictures terrible service and dirty room rude staff and noisy place,1
bandarban,mountain,Bandarban not worth the price,2
bandarban,mountain,Bandarban fine but nothing to remember great breakfast and friendly staff okay place for one night,4
bandarban,mountain,Bandarban terrible service and dirty room rude staff and noisy place,1
bandarban,mountain,Bandarban rude staff and noisy place,1
bandarban,mountain,Bandarban fine but nothing to remember reasonable value for a short trip,3
bandarban,mountain,Bandarban amazing experience wonderful staff amazing experience wonderful staff,5
bandarban,mountain,Bandarban worst experience ever below average food and slow wifi fine but nothing to remember,2
bandarban,mountain,Bandarban spotless room with great view good service and clean room,5
bandarban,mountain,Bandarban reasonable value for a short trip decent location but small rooms comfortable stay would return,3
chattogram,beach,Chattogram good service and clean room,4
chattogram,beach,Chattogram decent location but small rooms,3
chattogram,beach,Chattogram memorable stay with excellent food,5
chattogram,beach,Chattogram comfortable stay would return great breakfast and friendly staff,4
chattogram,beach,Chattogram okay place for one night nice food and helpful staff reasonable value for a short trip,3
chattogram,beach,Chattogram amazing experience wonderful staff,5
chattogram,beach,Chattogram below average food and slow wifi mediocre rooms with bad lighting worst experience ever,2
chattogram,beach,Chattogram horrible smell and broken air conditioning terrible service and dirty room worst experience ever,1
chattogram,beach,Chattogram spotless room with great view comfortable stay would return,5
chattogram,beach,Chattogram memorable stay with excellent food,5
chattogram,beach,Chattogram average stay nothing special nice food and helpful staff,3
chattogram,beach,Chattogram great breakfast and friendly staff okay place for one night comfortable stay would return,3
chattogram,beach,Chattogram amazing experience wonderful staff good service and clean room,5
chattogram,beach,Chattogram pleasant view and good wifi outstanding service and perfect location memorable stay with excellent food,5
chattogram,beach,Chattogram comfortable stay would return,4
chattogram,beach,Chattogram spotless room with great view,5
chattogram,beach,Chattogram fine but nothing to remember,3
chattogram,beach,Chattogram below average food and slow wifi mediocre rooms with bad lighting,2
chattogram,beach,Chattogram not worth the price mediocre rooms with bad lighting horrible smell and broken air conditioning,1
chattogram,beach,Chattogram staff ignored our complaints not worth the price,1
chattogram,beach,Chattogram best trip ever highly recommend,5
chattogram,beach,Chattogram outstanding service and perfect location outstanding service and perfect location,5
chattogram,beach,Chattogram small room and unhelpful staff worst experience ever,2
chattogram,beach,Chattogram spotless room with great view,5
chattogram,beach,Chattogram worst experience ever terrible service and dirty room,1
chattogram,beach,Chattogram worst experience ever,1
chattogram,beach,Chattogram expected better from the pictures decent location but small rooms mediocre rooms with bad lighting,2
chattogram,beach,Chattogram small room and unhelpful staff,2
chattogram,beach,Chattogram comfortable stay would return decent location but small rooms,4
chattogram,beach,Chattogram staff ignored our complaints horrible smell and broken air conditioning,1
chattogram,beach,Chattogram good service and clean room,4
chattogram,beach,Chattogram amazing experience wonderful staff reasonable value for a short trip comfortable stay would return,4
chattogram,beach,Chattogram decent location but small rooms decent location but small rooms comfortable stay would return,3
chattogram,beach,Chattogram staff ignored our complaints staff ignored our complaints,1
chattogram,beach,Chattogram outstanding service and perfect location pleasant view and good wifi memorable stay with excellent food,5
chattogram,beach,Chattogram reasonable value for a short trip fine but nothing to remember,3
chattogram,beach,Chattogram horrible smell and broken air conditioning,1
chattogram,beach,Chattogram okay place for one night,3
chattogram,beach,Chattogram rude staff and noisy place not worth the price,1
chattogram,beach,Chattogram average stay nothing special small room and unhelpful staff,3
chattogram,beach,Chattogram worst experience ever,1
chattogram,beach,Chattogram best trip ever highly recommend great breakfast and friendly staff,4
chattogram,beach,Chattogram decent location but small rooms not worth the price terrible service and dirty room,2
chattogram,beach,Chattogram memorable stay with excellent food best trip ever highly recommend,5
chattogram,beach,Chattogram best trip ever highly recommend,5
chattogram,beach,Chattogram pleasant view and good wifi average stay nothing special outstanding service and perfect location,4
chattogram,beach,Chattogram pleasant view and good wifi expected better from the pictures reasonable value for a short trip,3
chattogram,beach,Chattogram great breakfast and friendly staff okay place for one night,4
chattogram,beach,Chattogram good service and clean room,4
chattogram,beach,Chattogram below average food and slow wifi reasonable value for a short trip,3
chattogram,beach,Chattogram best trip ever highly recommend amazing experience wonderful staff,5
chattogram,beach,Chattogram comfortable stay would return,4
chattogram,beach,Chattogram terrible service and dirty room,1
chattogram,beach,Chattogram not worth the price decent location but small rooms comfortable stay would return,3
chattogram,beach,Chattogram not worth the price fine but nothing to remember staff ignored our complaints,2
chattogram,beach,Chattogram not worth the price rude staff and noisy place terrible service and dirty room,1
chattogram,beach,Chattogram staff ignored our complaints,1
chattogram,beach,Chattogram spotless room with great view,5
chattogram,beach,Chattogram horrible smell and broken air conditioning,1
chattogram,beach,Chattogram good service and clean room,4
chattogram,beach,Chattogram rude staff and noisy place,1
chattogram,beach,Chattogram reasonable value for a short trip okay place for one night good service and clean room,4
chattogram,beach,Chattogram good service and clean room pleasant view and good wifi best trip ever highly recommend,4
chattogram,beach,Chattogram memorable stay with excellent food,5
chattogram,beach,Chattogram expected better from the pictures decent location but small rooms,3
chattogram,beach,Chattogram good service and clean room good service and clean room amazing experience wonderful staff,4
chattogram,beach,Chattogram outstanding service and perfect location good service and clean room,4
chattogram,beach,Chattogram fine but nothing to remember decent location but small rooms,3
chattogram,beach,Chattogram fine but nothing to remember,3
chattogram,beach,Chattogram best trip ever highly recommend average stay nothing special nice food and helpful staff,4
chattogram,beach,Chattogram nice food and helpful staff,4
chattogram,beach,Chattogram not worth the price decent location but small rooms,2
chattogram,beach,Chattogram comfortable stay would return great breakfast and friendly staff spotless room with great view,5
chattogram,beach,Chattogram memorable stay with excellent food,5
chattogram,beach,Chattogram comfortable stay would return,4
chattogram,beach,Chattogram staff ignored our complaints rude staff and noisy place,1
chattogram,beach,Chattogram expected better from the pictures,2
chattogram,beach,Chattogram nice food and helpful staff fine but nothing to remember,4
chattogram,beach,Chattogram nice food and helpful staff great breakfast and friendly staff,4
chattogram,beach,Chattogram decent location but small rooms small room and unhelpful staff staff ignored our complaints,2
chattogram,beach,Chattogram great breakfast and friendly staff outstanding service and perfect location spotless room with great view,4
chattogram,beach,Chattogram expected better from the pictures terrible service and dirty room worst experience ever,1
chattogram,beach,Chattogram good service and clean room memorable stay with excellent food,5
chattogram,beach,Chattogram spotless room with great view,5
chattogram,beach,Chattogram pleasant view and good wifi reasonable value for a short trip,3
chattogram,beach,Chattogram outstanding service and perfect location,5
chattogram,beach,Chattogram not worth the price mediocre rooms with bad lighting rude staff and noisy place,2
chattogram,beach,Chattogram reasonable value for a short trip fine but nothing to remember,3
chattogram,beach,Chattogram amazing experience wonderful staff good service and clean room best trip ever highly recommend,5
chattogram,beach,Chattogram small room and unhelpful staff horrible smell and broken air conditioning,1
chattogram,beach,Chattogram below average food and slow wifi,2
chattogram,beach,Chattogram best trip ever highly recommend pleasant view and good wifi,4
chattogram,beach,Chattogram fine but nothing to remember,3
chattogram,beach,Chattogram spotless room with great view,5
chattogram,beach,Chattogram spotless room with great view,5
chattogram,beach,Chattogram horrible smell and broken air conditioning,1
chattogram,beach,Chattogram pleasant view and good wifi fine but nothing to remember,4
chattogram,beach,Chattogram below average food and slow wifi expected better from the pictures,2
chattogram,beach,Chattogram amazing experience wonderful staff memorable stay with excellent food best trip ever highly recommend,5
chattogram,beach,Chattogram amazing experience wonderful staff,5
coxs-bazar,beach,Cox's Bazar outstanding service and perfect location great breakfast and friendly staff,5
coxs-bazar,beach,Cox's Bazar average stay nothing special,3
coxs-bazar,beach,Cox's Bazar not worth the price expected better from the pictures worst experience ever,1
coxs-bazar,beach,Cox's Bazar small room and unhelpful staff worst experience ever,1
coxs-bazar,beach,Cox's Bazar not worth the price horrible smell and broken air conditioning,1
coxs-bazar,beach,Cox's Bazar spotless room with great view memorable stay with excellent food nice food and helpful staff,5
coxs-bazar,beach,Cox's Bazar comfortable stay would return,4
coxs-bazar,beach,Cox's Bazar outstanding service and perfect location memorable stay with excellent food outstanding service and perfect location,5
coxs-bazar,beach,Cox's Bazar comfortable stay would return best trip ever highly recommend,5
coxs-bazar,beach,Cox's Bazar not worth the price expected better from the pictures small room and unhelpful staff,2
coxs-bazar,beach,Cox's Bazar best trip ever highly recommend,5
coxs-bazar,beach,Cox's Bazar comfortable stay would return reasonable value for a short trip,3
coxs-bazar,beach,Cox's Bazar terrible service and dirty room not worth the price,1
coxs-bazar,beach,Cox's Bazar average stay nothing special rude staff and noisy place mediocre rooms with bad lighting,2
coxs-bazar,beach,Cox's Bazar rude staff and noisy place horrible smell and broken air conditioning,1
coxs-bazar,beach,Cox's Bazar not worth the price mediocre rooms with bad lighting mediocre rooms with bad lighting,2
coxs-bazar,beach,Cox's Bazar mediocre rooms with bad lighting worst experience ever,1
coxs-bazar,beach,Cox's Bazar outstanding service and perfect location,5
coxs-bazar,beach,Cox's Bazar best trip ever highly recommend,5
coxs-bazar,beach,Cox's Bazar rude staff and noisy place terrible service and dirty room,1
coxs-bazar,beach,Cox's Bazar rude staff and noisy place horrible smell and broken air conditioning horrible smell and broken air conditioning,1
coxs-bazar,beach,Cox's Bazar expected better from the pictures small room and unhelpful staff horrible smell and broken air conditioning,1
coxs-bazar,beach,Cox's Bazar fine but nothing to remember,3
coxs-bazar,beach,Cox's Bazar average stay nothing special below average food and slow wifi,3
coxs-bazar,beach,Cox's Bazar good service and clean room,4
coxs-bazar,beach,Cox's Bazar pleasant view and good wifi,4
coxs-bazar,beach,Cox's Bazar worst experience ever below average food and slow wifi,1
coxs-bazar,beach,Cox's Bazar memorable stay with excellent food nice food and helpful staff best trip ever highly recommend,5
coxs-bazar,beach,Cox's Bazar staff ignored our complaints,1
coxs-bazar,beach,Cox's Bazar great breakfast and friendly staff decent location but small rooms okay place for one night,4
coxs-bazar,beach,Cox's Bazar small room and unhelpful staff mediocre rooms with bad lighting below average food and slow wifi,2
coxs-bazar,beach,Cox's Bazar fine but nothing to remember below average food and slow wifi,3
coxs-bazar,beach,Cox's Bazar decent location but small rooms,3
coxs-bazar,beach,Cox's Bazar worst experience ever rude staff and noisy place,1
coxs-bazar,beach,Cox's Bazar fine but nothing to remember decent location but small rooms,3
coxs-bazar,beach,Cox's Bazar terrible service and dirty room below average food and slow wifi,1
coxs-bazar,beach,Cox's Bazar spotless room with great view,5
coxs-bazar,beach,Cox's Bazar rude staff and noisy place below average food and slow wifi staff ignored our complaints,1
coxs-bazar,beach,Cox's Bazar horrible smell and broken air conditioning horrible smell and broken air conditioning,1
coxs-bazar,beach,Cox's Bazar expected better from the pictures,2
coxs-bazar,beach,Cox's Bazar expected better from the pictures mediocre rooms with bad lighting,2
coxs-bazar,beach,Cox's Bazar not worth the price expected better from the pictures horrible smell and broken air conditioning,1
coxs-bazar,beach,Cox's Bazar spotless room with great view,5
coxs-bazar,beach,Cox's Bazar not worth the price,2
coxs-bazar,beach,Cox's Bazar below average food and slow wifi expected better from the pictures decent location but small rooms,3
coxs-bazar,beach,Cox's Bazar amazing experience wonderful staff best trip ever highly recommend,5
coxs-bazar,beach,Cox's Bazar outstanding service and perfect location good service and clean room,4
coxs-bazar,beach,Cox's Bazar nice food and helpful staff good service and clean room good service and clean room,4
coxs-bazar,beach,Cox's Bazar outstanding service and perfect location,5
coxs-bazar,beach,Cox's Bazar outstanding service and perfect location,5
coxs-bazar,beach,Cox's Bazar nice food and helpful staff memorable stay with excellent food,5
coxs-bazar,beach,Cox's Bazar pleasant view and good wifi amazing experience wonderful staff,5
coxs-bazar,beach,Cox's Bazar horrible smell and broken air conditioning mediocre rooms with bad lighting,2
coxs-bazar,beach,Cox's Bazar comfortable stay would return,4
coxs-bazar,beach,Cox's Bazar small room and unhelpful staff,2
coxs-bazar,beach,Cox's Bazar nice food and helpful staff great breakfast and friendly staff memorable stay with excellent food,4
coxs-bazar,beach,Cox's Bazar terrible service and dirty room,1
coxs-bazar,beach,Cox's Bazar mediocre rooms with bad lighting below average food and slow wifi,2
coxs-bazar,beach,Cox's Bazar memorable stay with excellent food best trip ever highly recommend comfortable stay would return,5
coxs-bazar,beach,Cox's Bazar good service and clean room outstanding service and perfect location,5
coxs-bazar,beach,Cox's Bazar terrible service and dirty room horrible smell and broken air conditioning small room and unhelpful staff,1
coxs-bazar,beach,Cox's Bazar decent location but small rooms nice food and helpful staff pleasant view and good wifi,4
coxs-bazar,beach,Cox's Bazar decent location but small rooms okay place for one night expected better from the pictures,2
coxs-bazar,beach,Cox's Bazar comfortable stay would return,4
coxs-bazar,beach,Cox's Bazar outstanding service and perfect location,5
coxs-bazar,beach,Cox's Bazar expected better from the pictures,2
coxs-bazar,beach,Cox's Bazar okay place for one night good service and clean room average stay nothing special,3
coxs-bazar,beach,Cox's Bazar amazing experience wonderful staff great breakfast and friendly staff,5
coxs-bazar,beach,Cox's Bazar good service and clean room fine but nothing to remember,4
coxs-bazar,beach,Cox's Bazar rude staff and noisy place,1
coxs-bazar,beach,Cox's Bazar below average food and slow wifi not worth the price worst experience ever,1
coxs-bazar,beach,Cox's Bazar comfortable stay would return,4
coxs-bazar,beach,Cox's Bazar nice food and helpful staff nice food and helpful staff,4
coxs-bazar,beach,Cox's Bazar small room and unhelpful staff below average food and slow wifi fine but nothing to remember,3
coxs-bazar,beach,Cox's Bazar horrible smell and broken air conditioning expected better from the pictures staff ignored our complaints,1
coxs-bazar,beach,Cox's Bazar pleasant view and good wifi average stay nothing special,3
coxs-bazar,beach,Cox's Bazar pleasant view and good wifi average stay nothing special decent location but small rooms,3
coxs-bazar,beach,Cox's Bazar comfortable stay would return memorable stay with excellent food spotless room with great view,5
coxs-bazar,beach,Cox's Bazar staff ignored our complaints below average food and slow wifi reasonable value for a short trip,2
coxs-bazar,beach,Cox's Bazar good service and clean room okay place for one night,4
coxs-bazar,beach,Cox's Bazar horrible smell and broken air conditioning,1
coxs-bazar,beach,Cox's Bazar memorable stay with excellent food nice food and helpful staff great breakfast and friendly staff,5
coxs-bazar,beach,Cox's Bazar reasonable value for a short trip great breakfast and friendly staff,3
coxs-bazar,beach,Cox's Bazar average stay nothing special nice food and helpful staff,3
coxs-bazar,beach,Cox's Bazar not worth the price not worth the price,2
coxs-bazar,beach,Cox's Bazar horrible smell and broken air conditioning worst experience ever,1
coxs-bazar,beach,Cox's Bazar staff ignored our complaints,1
coxs-bazar,beach,Cox's Bazar expected better from the pictures staff ignored our complaints terrible service and dirty room,1
coxs-bazar,beach,Cox's Bazar terrible service and dirty room,1
coxs-bazar,beach,Cox's Bazar best trip ever highly recommend,5
coxs-bazar,beach,Cox's Bazar small room and unhelpful staff small room and unhelpful staff,2
coxs-bazar,beach,Cox's Bazar decent location but small rooms,3
coxs-bazar,beach,Cox's Bazar fine but nothing to remember,3
coxs-bazar,beach,Cox's Bazar not worth the price reasonable value for a short trip fine but nothing to remember,3
coxs-bazar,beach,Cox's Bazar reasonable value for a short trip,3
coxs-bazar,beach,Cox's Bazar pleasant view and good wifi fine but nothing to remember,3
coxs-bazar,beach,Cox's Bazar reasonable value for a short trip,3
coxs-bazar,beach,Cox's Bazar amazing experience wonderful staff,5
coxs-bazar,beach,Cox's Bazar staff ignored our complaints,1
coxs-bazar,beach,Cox's Bazar average stay nothing special okay place for one night comfortable stay would return,4
dhaka,city,Dhaka outstanding service and perfect location pleasant view and good wifi amazing experience wonderful staff,5
dhaka,city,Dhaka expected better from the pictures,2
dhaka,city,Dhaka not worth the price reasonable value for a short trip,3
dhaka,city,Dhaka horrible smell and broken air conditioning worst experience ever mediocre rooms with bad lighting,1
dhaka,city,Dhaka spotless room with great view,5
dhaka,city,Dhaka comfortable stay would return best trip ever highly recommend good service and clean room,5
dhaka,city,Dhaka okay place for one night expected better from the pictures,2
dhaka,city,Dhaka good service and clean room okay place for one night reasonable value for a short trip,3
dhaka,city,Dhaka good service and clean room reasonable value for a short trip,3
dhaka,city,Dhaka memorable stay with excellent food comfortable stay would return okay place for one night,4
dhaka,city,Dhaka not worth the price,2
dhaka,city,Dhaka pleasant view and good wifi decent location but small rooms,4
dhaka,city,Dhaka amazing experience wonderful staff,5
dhaka,city,Dhaka terrible service and dirty room,1
dhaka,city,Dhaka pleasant view and good wifi,4
dhaka,city,Dhaka staff ignored our complaints below average food and slow wifi not worth the price,1
dhaka,city,Dhaka small room and unhelpful staff small room and unhelpful staff staff ignored our complaints,2
dhaka,city,Dhaka great breakfast and friendly staff,4
dhaka,city,Dhaka worst experience ever staff ignored our complaints,1
dhaka,city,Dhaka good service and clean room,4
dhaka,city,Dhaka decent location but small rooms staff ignored our complaints mediocre rooms with bad lighting,2
dhaka,city,Dhaka not worth the price,2
dhaka,city,Dhaka reasonable value for a short trip reasonable value for a short trip average stay nothing special,3
dhaka,city,Dhaka outstanding service and perfect location spotless room with great view memorable stay with excellent food,5
dhaka,city,Dhaka mediocre rooms with bad lighting below average food and slow wifi,2
dhaka,city,Dhaka okay place for one night pleasant view and good wifi,4
dhaka,city,Dhaka staff ignored our complaints expected better from the pictures rude staff and noisy place,2
dhaka,city,Dhaka nice food and helpful staff,4
dhaka,city,Dhaka fine but nothing to remember good service and clean room great breakfast and friendly staff,3
dhaka,city,Dhaka great breakfast and friendly staff pleasant view and good wifi,4
dhaka,city,Dhaka not worth the price,2
dhaka,city,Dhaka horrible smell and broken air conditioning staff ignored our complaints,1
dhaka,city,Dhaka memorable stay with excellent food,5
dhaka,city,Dhaka okay place for one night great breakfast and friendly staff,4
dhaka,city,Dhaka horrible smell and broken air conditioning,1
dhaka,city,Dhaka nice food and helpful staff,4
dhaka,city,Dhaka nice food and helpful staff spotless room with great view outstanding service and perfect location,5
dhaka,city,Dhaka staff ignored our complaints horrible smell and broken air conditioning rude staff and noisy place,1
dhaka,city,Dhaka mediocre rooms with bad lighting small room and unhelpful staff,2
dhaka,city,Dhaka spotless room with great view memorable stay with excellent food,5
dhaka,city,Dhaka average stay nothing special pleasant view and good wifi,3
dhaka,city,Dhaka spotless room with great view average stay nothing special great breakfast and friendly staff,4
dhaka,city,Dhaka rude staff and noisy place worst experience ever,1
dhaka,city,Dhaka mediocre rooms with bad lighting average stay nothing special,2
dhaka,city,Dhaka mediocre rooms with bad lighting,2
dhaka,city,Dhaka nice food and helpful staff,4
dhaka,city,Dhaka outstanding service and perfect location,5
dhaka,city,Dhaka nice food and helpful staff average stay nothing special,4
dhaka,city,Dhaka reasonable value for a short trip okay place for one night,3
dhaka,city,Dhaka horrible smell and broken air conditioning small room and unhelpful staff worst experience ever,1
dhaka,city,Dhaka great breakfast and friendly staff,4
dhaka,city,Dhaka best trip ever highly recommend good service and clean room outstanding service and perfect location,5
dhaka,city,Dhaka fine but nothing to remember,3
dhaka,city,Dhaka horrible smell and broken air conditioning rude staff and noisy place,1
dhaka,city,Dhaka terrible service and dirty room small room and unhelpful staff horrible smell and broken air conditioning,1
dhaka,city,Dhaka okay place for one night okay place for one night,3
dhaka,city,Dhaka mediocre rooms with bad lighting small room and unhelpful staff horrible smell and broken air conditioning,1
dhaka,city,Dhaka pleasant view and good wifi,4
dhaka,city,Dhaka rude staff and noisy place below average food and slow wifi,1
dhaka,city,Dhaka memorable stay with excellent food great breakfast and friendly staff great breakfast and friendly staff,4
dhaka,city,Dhaka small room and unhelpful staff decent location but small rooms average stay nothing special,3
dhaka,city,Dhaka reasonable value for a short trip,3
dhaka,city,Dhaka not worth the price,2
dhaka,city,Dhaka memorable stay with excellent food memorable stay with excellent food good service and clean room,5
dhaka,city,Dhaka pleasant view and good wifi outstanding service and perfect location nice food and helpful staff,4
dhaka,city,Dhaka worst experience ever,1
dhaka,city,Dhaka reasonable value for a short trip,3
dhaka,city,Dhaka fine but nothing to remember expected better from the pictures pleasant view and good wifi,3
dhaka,city,Dhaka great breakfast and friendly staff good service and clean room comfortable stay would return,4
dhaka,city,Dhaka rude staff and noisy place not worth the price,1
dhaka,city,Dhaka average stay nothing special okay place for one night fine but nothing to remember,3
dhaka,city,Dhaka average stay nothing special average stay nothing special,3
dhaka,city,Dhaka fine but nothing to remember mediocre rooms with bad lighting,3
dhaka,city,Dhaka decent location but small rooms not worth the price,3
dhaka,city,Dhaka okay place for one night,3
dhaka,city,Dhaka outstanding service and perfect location memorable stay with excellent food pleasant view and good wifi,5
dhaka,city,Dhaka rude staff and noisy place,1
dhaka,city,Dhaka comfortable stay would return good service and clean room amazing experience wonderful staff,4
dhaka,city,Dhaka amazing experience wonderful staff,5
dhaka,city,Dhaka good service and clean room comfortable stay would return,4
dhaka,city,Dhaka good service and clean room nice food and helpful staff best trip ever highly recommend,5
dhaka,city,Dhaka memorable stay with excellent food,5
dhaka,city,Dhaka memorable stay with excellent food,5
dhaka,city,Dhaka average stay nothing special below average food and slow wifi mediocre rooms with bad lighting,2
dhaka,city,Dhaka average stay nothing special okay place for one night,3
dhaka,city,Dhaka spotless room with great view comfortable stay would return good service and clean room,5
dhaka,city,Dhaka good service and clean room decent location but small rooms,4
dhaka,city,Dhaka small room and unhelpful staff decent location but small rooms,3
dhaka,city,Dhaka small room and unhelpful staff rude staff and noisy place,1
dhaka,city,Dhaka rude staff and noisy place mediocre rooms with bad lighting fine but nothing to remember,2
dhaka,city,Dhaka horrible smell and broken air conditioning below average food and slow wifi,1
dhaka,city,Dhaka below average food and slow wifi worst experience ever staff ignored our complaints,1
dhaka,city,Dhaka mediocre rooms with bad lighting decent location but small rooms,3
dhaka,city,Dhaka average stay nothing special comfortable stay would return pleasant view and good wifi,4
dhaka,city,Dhaka nice food and helpful staff pleasant view and good wifi amazing experience wonderful staff,5
dhaka,city,Dhaka rude staff and noisy place mediocre rooms with bad lighting,2
dhaka,city,Dhaka rude staff and noisy place,1
dhaka,city,Dhaka average stay nothing special good service and clean room memorable stay with excellent food,4
dhaka,city,Dhaka memorable stay with excellent food outstanding service and perfect location amazing experience wonderful staff,5
dhaka,city,Dhaka great breakfast and friendly staff,4
kuakata,beach,Kuakata expected better from the pictures,2
kuakata,beach,Kuakata nice food and helpful staff,4
kuakata,beach,Kuakata small room and unhelpful staff,2
kuakata,beach,Kuakata below average food and slow wifi staff ignored our complaints not worth the price,1
kuakata,beach,Kuakata reasonable value for a short trip small room and unhelpful staff great breakfast and friendly staff,3
kuakata,beach,Kuakata rude staff and noisy place,1
kuakata,beach,Kuakata rude staff and noisy place horrible smell and broken air conditioning,1
kuakata,beach,Kuakata expected better from the pictures below average food and slow wifi,2
kuakata,beach,Kuakata below average food and slow wifi reasonable value for a short trip rude staff and noisy place,2
kuakata,beach,Kuakata below average food and slow wifi,2
kuakata,beach,Kuakata pleasant view and good wifi,4
kuakata,beach,Kuakata terrible service and dirty room,1
kuakata,beach,Kuakata horrible smell and broken air conditioning small room and unhelpful staff,1
kuakata,beach,Kuakata decent location but small rooms,3
kuakata,beach,Kuakata amazing experience wonderful staff good service and clean room,5
kuakata,beach,Kuakata fine but nothing to remember good service and clean room,4
kuakata,beach,Kuakata comfortable stay would return best trip ever highly recommend,5
kuakata,beach,Kuakata staff ignored our complaints terrible service and dirty room,1
kuakata,beach,Kuakata terrible service and dirty room,1
kuakata,beach,Kuakata decent location but small rooms terrible service and dirty room expected better from the pictures,2
kuakata,beach,Kuakata terrible service and dirty room,1
kuakata,beach,Kuakata rude staff and noisy place,1
kuakata,beach,Kuakata horrible smell and broken air conditioning worst experience ever not worth the price,1
kuakata,beach,Kuakata nice food and helpful staff reasonable value for a short trip,3
kuakata,beach,Kuakata decent location but small rooms,3
kuakata,beach,Kuakata mediocre rooms with bad lighting fine but nothing to remember,3
kuakata,beach,Kuakata reasonable value for a short trip,3
kuakata,beach,Kuakata pleasant view and good wifi okay place for one night great breakfast and friendly staff,4
kuakata,beach,Kuakata worst experience ever staff ignored our complaints,1
kuakata,beach,Kuakata average stay nothing special great breakfast and friendly staff,4
kuakata,beach,Kuakata reasonable value for a short trip good service and clean room,4
kuakata,beach,Kuakata best trip ever highly recommend spotless room with great view,5
kuakata,beach,Kuakata spotless room with great view,5
kuakata,beach,Kuakata memorable stay with excellent food outstanding service and perfect location comfortable stay would return,5
kuakata,beach,Kuakata spotless room with great view good service and clean room memorable stay with excellent food,5
kuakata,beach,Kuakata fine but nothing to remember expected better from the pictures,2
kuakata,beach,Kuakata below average food and slow wifi expected better from the pictures not worth the price,2
kuakata,beach,Kuakata not worth the price worst experience ever small room and unhelpful staff,2
kuakata,beach,Kuakata best trip ever highly recommend pleasant view and good wifi spotless room with great view,5
kuakata,beach,Kuakata pleasant view and good wifi outstanding service and perfect location,5
kuakata,beach,Kuakata pleasant view and good wifi memorable stay with excellent food,5
kuakata,beach,Kuakata best trip ever highly recommend amazing experience wonderful staff outstanding service and perfect location,5
kuakata,beach,Kuakata memorable stay with excellent food,5
kuakata,beach,Kuakata outstanding service and perfect location,5
kuakata,beach,Kuakata comfortable stay would return,4
kuakata,beach,Kuakata okay place for one night small room and unhelpful staff,2
kuakata,beach,Kuakata fine but nothing to remember,3
kuakata,beach,Kuakata good service and clean room reasonable value for a short trip,3
kuakata,beach,Kuakata not worth the price,2
kuakata,beach,Kuakata amazing experience wonderful staff memorable stay with excellent food outstanding service and perfect location,5
kuakata,beach,Kuakata good service and clean room okay place for one night,3
kuakata,beach,Kuakata rude staff and noisy place,1
kuakata,beach,Kuakata comfortable stay would return pleasant view and good wifi okay place for one night,4
kuakata,beach,Kuakata mediocre rooms with bad lighting,2
kuakata,beach,Kuakata worst experience ever terrible service and dirty room mediocre rooms with bad lighting,1
kuakata,beach,Kuakata staff ignored our complaints rude staff and noisy place,1
kuakata,beach,Kuakata reasonable value for a short trip,3
kuakata,beach,Kuakata staff ignored our complaints,1
kuakata,beach,Kuakata nice food and helpful staff comfortable stay would return,4
kuakata,beach,Kuakata staff ignored our complaints,1
kuakata,beach,Kuakata good service and clean room,4
kuakata,beach,Kuakata good service and clean room,4
kuakata,beach,Kuakata nice food and helpful staff amazing experience wonderful staff,5
kuakata,beach,Kuakata small room and unhelpful staff mediocre rooms with bad lighting decent location but small rooms,2
kuakata,beach,Kuakata reasonable value for a short trip,3
kuakata,beach,Kuakata memorable stay with excellent food great breakfast and friendly staff,5
kuakata,beach,Kuakata reasonable value for a short trip decent location but small rooms,3
kuakata,beach,Kuakata fine but nothing to remember expected better from the pictures,3
kuakata,beach,Kuakata rude staff and noisy place,1
kuakata,beach,Kuakata nice food and helpful staff,4
kuakata,beach,Kuakata amazing experience wonderful staff amazing experience wonderful staff,5
kuakata,beach,Kuakata good service and clean room decent location but small rooms,3
kuakata,beach,Kuakata rude staff and noisy place horrible smell and broken air conditioning,1
kuakata,beach,Kuakata not worth the price expected better from the pictures,2
kuakata,beach,Kuakata mediocre rooms with bad lighting,2
kuakata,beach,Kuakata mediocre rooms with bad lighting,2
kuakata,beach,Kuakata reasonable value for a short trip,3
kuakata,beach,Kuakata good service and clean room outstanding service and perfect location,4
kuakata,beach,Kuakata memorable stay with excellent food comfortable stay would return,5
kuakata,beach,Kuakata best trip ever highly recommend memorable stay with excellent food outstanding service and perfect location,5
kuakata,beach,Kuakata great breakfast and friendly staff good service and clean room,4
kuakata,beach,Kuakata terrible service and dirty room terrible service and dirty room mediocre rooms with bad lighting,1
kuakata,beach,Kuakata nice food and helpful staff outstanding service and perfect location,5
kuakata,beach,Kuakata decent location but small rooms,3
kuakata,beach,Kuakata comfortable stay would return,4
kuakata,beach,Kuakata good service and clean room,4
kuakata,beach,Kuakata best trip ever highly recommend good service and clean room,4
kuakata,beach,Kuakata mediocre rooms with bad lighting terrible service and dirty room,1
kuakata,beach,Kuakata below average food and slow wifi expected better from the pictures decent location but small rooms,2
kuakata,beach,Kuakata decent location but small rooms comfortable stay would return,4
kuakata,beach,Kuakata great breakfast and friendly staff average stay nothing special,3
kuakata,beach,Kuakata mediocre rooms with bad lighting expected better from the pictures,2
kuakata,beach,Kuakata great breakfast and friendly staff not worth the price okay place for one night,3
kuakata,beach,Kuakata best trip ever highly recommend good service and clean room,5
kuakata,beach,Kuakata amazing experience wonderful staff spotless room with great view,5
kuakata,beach,Kuakata comfortable stay would return,4
kuakata,beach,Kuakata small room and unhelpful staff decent location but small rooms,2
kuakata,beach,Kuakata mediocre rooms with bad lighting fine but nothing to remember,2
kuakata,beach,Kuakata not worth the price below average food and slow wifi worst experience ever,1
kuakata,beach,Kuakata horrible smell and broken air conditioning,1
paharpur,heritage,Paharpur not worth the price,2
paharpur,heritage,Paharpur fine but nothing to remember mediocre rooms with bad lighting not worth the price,2
paharpur,heritage,Paharpur rude staff and noisy place below average food and slow wifi,2
paharpur,heritage,Paharpur pleasant view and good wifi,4
paharpur,heritage,Paharpur terrible service and dirty room terrible service and dirty room,1
paharpur,heritage,Paharpur okay place for one night great breakfast and friendly staff,4
paharpur,heritage,Paharpur reasonable value for a short trip expected better from the pictures,2
paharpur,heritage,Paharpur below average food and slow wifi below average food and slow wifi rude staff and noisy place,2
paharpur,heritage,Paharpur terrible service and dirty room not worth the price,1
paharpur,heritage,Paharpur below average food and slow wifi,2
paharpur,heritage,Paharpur mediocre rooms with bad lighting worst experience ever staff ignored our complaints,1
paharpur,heritage,Paharpur best trip ever highly recommend comfortable stay would return memorable stay with excellent food,4
paharpur,heritage,Paharpur rude staff and noisy place,1
paharpur,heritage,Paharpur comfortable stay would return average stay nothing special,4
paharpur,heritage,Paharpur good service and clean room comfortable stay would return great breakfast and friendly staff,4
paharpur,heritage,Paharpur okay place for one night expected better from the pictures small room and unhelpful staff,3
paharpur,heritage,Paharpur outstanding service and perfect location,5
paharpur,heritage,Paharpur below average food and slow wifi worst experience ever terrible service and dirty room,2
paharpur,heritage,Paharpur below average food and slow wifi staff ignored our complaints,2
paharpur,heritage,Paharpur fine but nothing to remember,3
paharpur,heritage,Paharpur rude staff and noisy place,1
paharpur,heritage,Paharpur staff ignored our complaints,1
paharpur,heritage,Paharpur terrible service and dirty room,1
paharpur,heritage,Paharpur fine but nothing to remember,3
paharpur,heritage,Paharpur outstanding service and perfect location,5
paharpur,heritage,Paharpur nice food and helpful staff memorable stay with excellent food outstanding service and perfect location,5
paharpur,heritage,Paharpur spotless room with great view,5
paharpur,heritage,Paharpur horrible smell and broken air conditioning mediocre rooms with bad lighting,1
paharpur,heritage,Paharpur pleasant view and good wifi best trip ever highly recommend,5
paharpur,heritage,Paharpur horrible smell and broken air conditioning below average food and slow wifi terrible service and dirty room,1
paharpur,heritage,Paharpur average stay nothing special reasonable value for a short trip average stay nothing special,3
paharpur,heritage,Paharpur best trip ever highly recommend nice food and helpful staff outstanding service and perfect location,5
paharpur,heritage,Paharpur staff ignored our complaints small room and unhelpful staff,2
paharpur,heritage,Paharpur not worth the price good service and clean room fine but nothing to remember,3
paharpur,heritage,Paharpur good service and clean room great breakfast and friendly staff,4
paharpur,heritage,Paharpur not worth the price rude staff and noisy place,1
paharpur,heritage,Paharpur okay place for one night below average food and slow wifi,3
paharpur,heritage,Paharpur amazing experience wonderful staff,5
paharpur,heritage,Paharpur comfortable stay would return fine but nothing to remember average stay nothing special,3
paharpur,heritage,Paharpur best trip ever highly recommend memorable stay with excellent food nice food and helpful staff,5
paharpur,heritage,Paharpur outstanding service and perfect location great breakfast and friendly staff spotless room with great view,5
paharpur,heritage,Paharpur below average food and slow wifi worst experience ever expected better from the pictures,2
paharpur,heritage,Paharpur staff ignored our complaints not worth the price below average food and slow wifi,1
paharpur,heritage,Paharpur nice food and helpful staff,4
paharpur,heritage,Paharpur worst experience ever not worth the price,2
paharpur,heritage,Paharpur staff ignored our complaints mediocre rooms with bad lighting,2
paharpur,heritage,Paharpur decent location but small rooms okay place for one night not worth the price,3
paharpur,heritage,Paharpur comfortable stay would return spotless room with great view,5
paharpur,heritage,Paharpur worst experience ever not worth the price,1
paharpur,heritage,Paharpur not worth the price average stay nothing special,3
paharpur,heritage,Paharpur comfortable stay would return,4
paharpur,heritage,Paharpur okay place for one night reasonable value for a short trip,3
paharpur,heritage,Paharpur worst experience ever,1
paharpur,heritage,Paharpur decent location but small rooms,3
paharpur,heritage,Paharpur mediocre rooms with bad lighting horrible smell and broken air conditioning,1
paharpur,heritage,Paharpur fine but nothing to remember fine but nothing to remember,3
paharpur,heritage,Paharpur amazing experience wonderful staff good service and clean room,5
paharpur,heritage,Paharpur nice food and helpful staff comfortable stay would return best trip ever highly recommend,5
paharpur,heritage,Paharpur spotless room with great view okay place for one night comfortable stay would return,4
paharpur,heritage,Paharpur comfortable stay would return best trip ever highly recommend spotless room with great view,5
paharpur,heritage,Paharpur staff ignored our complaints,1
paharpur,heritage,Paharpur staff ignored our complaints horrible smell and broken air conditioning,1
paharpur,heritage,Paharpur staff ignored our complaints,1
paharpur,heritage,Paharpur comfortable stay would return,4
paharpur,heritage,Paharpur okay place for one night okay place for one night nice food and helpful staff,3
paharpur,heritage,Paharpur good service and clean room average stay nothing special reasonable value for a short trip,3
paharpur,heritage,Paharpur great breakfast and friendly staff memorable stay with excellent food okay place for one night,4
paharpur,heritage,Paharpur pleasant view and good wifi nice food and helpful staff memorable stay with excellent food,5
paharpur,heritage,Paharpur great breakfast and friendly staff,4
paharpur,heritage,Paharpur not worth the price,2
paharpur,heritage,Paharpur terrible service and dirty room small room and unhelpful staff,2
paharpur,heritage,Paharpur great breakfast and friendly staff,4
paharpur,heritage,Paharpur worst experience ever,1
paharpur,heritage,Paharpur below average food and slow wifi horrible smell and broken air conditioning average stay nothing special,2
paharpur,heritage,Paharpur nice food and helpful staff decent location but small rooms,3
paharpur,heritage,Paharpur expected better from the pictures,2
paharpur,heritage,Paharpur worst experience ever,1
paharpur,heritage,Paharpur small room and unhelpful staff fine but nothing to remember,2
paharpur,heritage,Paharpur worst experience ever,1
paharpur,heritage,Paharpur below average food and slow wifi mediocre rooms with bad lighting,2
paharpur,heritage,Paharpur fine but nothing to remember,3
paharpur,heritage,Paharpur fine but nothing to remember great breakfast and friendly staff,3
paharpur,heritage,Paharpur average stay nothing special below average food and slow wifi fine but nothing to remember,2
paharpur,heritage,Paharpur horrible smell and broken air conditioning horrible smell and broken air conditioning,1
paharpur,heritage,Paharpur nice food and helpful staff comfortable stay would return outstanding service and perfect location,4
paharpur,heritage,Paharpur pleasant view and good wifi,4
paharpur,heritage,Paharpur terrible service and dirty room terrible service and dirty room,1
paharpur,heritage,Paharpur amazing experience wonderful staff,5
paharpur,heritage,Paharpur best trip ever highly recommend amazing experience wonderful staff good service and clean room,5
paharpur,heritage,Paharpur okay place for one night,3
paharpur,heritage,Paharpur great breakfast and friendly staff decent location but small rooms,4
paharpur,heritage,Paharpur good service and clean room okay place for one night,3
paharpur,heritage,Paharpur okay place for one night reasonable value for a short trip expected better from the pictures,3
paharpur,heritage,Paharpur great breakfast and friendly staff decent location but small rooms not worth the price,3
paharpur,heritage,Paharpur worst experience ever,1
paharpur,heritage,Paharpur worst experience ever rude staff and noisy place,1
paharpur,heritage,Paharpur small room and unhelpful staff,2
paharpur,heritage,Paharpur comfortable stay would return,4
paharpur,heritage,Paharpur pleasant view and good wifi nice food and helpful staff,4
paharpur,heritage,Paharpur terrible service and dirty room terrible service and dirty room,1
rajshahi,heritage,Rajshahi pleasant view and good wifi reasonable value for a short trip,4
rajshahi,heritage,Rajshahi good service and clean room fine but nothing to remember memorable stay with excellent food,4
rajshahi,heritage,Rajshahi okay place for one night not worth the price small room and unhelpful staff,2
rajshahi,heritage,Rajshahi comfortable stay would return,4
rajshahi,heritage,Rajshahi best trip ever highly recommend,5
rajshahi,heritage,Rajshahi expected better from the pictures,2
rajshahi,heritage,Rajshahi okay place for one night staff ignored our complaints below average food and slow wifi,2
rajshahi,heritage,Rajshahi fine but nothing to remember nice food and helpful staff,4
rajshahi,heritage,Rajshahi memorable stay with excellent food,5
rajshahi,heritage,Rajshahi mediocre rooms with bad lighting,2
rajshahi,heritage,Rajshahi okay place for one night good service and clean room mediocre rooms with bad lighting,3
rajshahi,heritage,Rajshahi memorable stay with excellent food,5
rajshahi,heritage,Rajshahi terrible service and dirty room expected better from the pictures terrible service and dirty room,1
rajshahi,heritage,Rajshahi memorable stay with excellent food,5
rajshahi,heritage,Rajshahi okay place for one night pleasant view and good wifi,3
rajshahi,heritage,Rajshahi okay place for one night okay place for one night,3
rajshahi,heritage,Rajshahi decent location but small rooms good service and clean room,3
rajshahi,heritage,Rajshahi worst experience ever,1
rajshahi,heritage,Rajshahi outstanding service and perfect location best trip ever highly recommend,5
rajshahi,heritage,Rajshahi small room and unhelpful staff terrible service and dirty room,1
rajshahi,heritage,Rajshahi staff ignored our complaints worst experience ever rude staff and noisy place,1
rajshahi,heritage,Rajshahi small room and unhelpful staff,2
rajshahi,heritage,Rajshahi comfortable stay would return spotless room with great view great breakfast and friendly staff,5
rajshahi,heritage,Rajshahi best trip ever highly recommend,5
rajshahi,heritage,Rajshahi small room and unhelpful staff terrible service and dirty room,1
rajshahi,heritage,Rajshahi amazing experience wonderful staff spotless room with great view,5
rajshahi,heritage,Rajshahi amazing experience wonderful staff nice food and helpful staff,5
rajshahi,heritage,Rajshahi great breakfast and friendly staff good service and clean room,4
rajshahi,heritage,Rajshahi horrible smell and broken air conditioning,1
rajshahi,heritage,Rajshahi decent location but small rooms nice food and helpful staff amazing experience wonderful staff,4
rajshahi,heritage,Rajshahi good service and clean room,4
rajshahi,heritage,Rajshahi okay place for one night reasonable value for a short trip,3
rajshahi,heritage,Rajshahi worst experience ever rude staff and noisy place,1
rajshahi,heritage,Rajshahi staff ignored our complaints horrible smell and broken air conditioning mediocre rooms with bad lighting,1
rajshahi,heritage,Rajshahi fine but nothing to remember comfortable stay would return fine but nothing to remember,3
rajshahi,heritage,Rajshahi decent location but small rooms okay place for one night reasonable value for a short trip,3
rajshahi,heritage,Rajshahi fine but nothing to remember not worth the price,3
rajshahi,heritage,Rajshahi memorable stay with excellent food nice food and helpful staff best trip ever highly recommend,5
rajshahi,heritage,Rajshahi small room and unhelpful staff terrible service and dirty room staff ignored our complaints,1
rajshahi,heritage,Rajshahi memorable stay with excellent food,5
rajshahi,heritage,Rajshahi best trip ever highly recommend great breakfast and friendly staff spotless room with great view,5
rajshahi,heritage,Rajshahi expected better from the pictures mediocre rooms with bad lighting,2
rajshahi,heritage,Rajshahi rude staff and noisy place,1
rajshahi,heritage,Rajshahi great breakfast and friendly staff,4
rajshahi,heritage,Rajshahi average stay nothing special,3
rajshahi,heritage,Rajshahi mediocre rooms with bad lighting small room and unhelpful staff average stay nothing special,3
rajshahi,heritage,Rajshahi worst experience ever below average food and slow wifi,1
rajshahi,heritage,Rajshahi memorable stay with excellent food,5
rajshahi,heritage,Rajshahi best trip ever highly recommend outstanding service and perfect location spotless room with great view,5
rajshahi,heritage,Rajshahi reasonable value for a short trip,3
rajshahi,heritage,Rajshahi reasonable value for a short trip,3
rajshahi,heritage,Rajshahi nice food and helpful staff,4
rajshahi,heritage,Rajshahi nice food and helpful staff,4
rajshahi,heritage,Rajshahi horrible smell and broken air conditioning rude staff and noisy place,1
rajshahi,heritage,Rajshahi outstanding service and perfect location good service and clean room,5
rajshahi,heritage,Rajshahi comfortable stay would return good service and clean room pleasant view and good wifi,4
rajshahi,heritage,Rajshahi mediocre rooms with bad lighting horrible smell and broken air conditioning,1
rajshahi,heritage,Rajshahi best trip ever highly recommend pleasant view and good wifi,4
rajshahi,heritage,Rajshahi pleasant view and good wifi,4
rajshahi,heritage,Rajshahi okay place for one night small room and unhelpful staff,2
rajshahi,heritage,Rajshahi nice food and helpful staff,4
rajshahi,heritage,Rajshahi reasonable value for a short trip decent location but small rooms,3
rajshahi,heritage,Rajshahi nice food and helpful staff,4
rajshahi,heritage,Rajshahi horrible smell and broken air conditioning mediocre rooms with bad lighting,1
rajshahi,heritage,Rajshahi terrible service and dirty room rude staff and noisy place horrible smell and broken air conditioning,1
rajshahi,heritage,Rajshahi expected better from the pictures,2
rajshahi,heritage,Rajshahi staff ignored our complaints expected better from the pictures staff ignored our complaints,1
rajshahi,heritage,Rajshahi memorable stay with excellent food comfortable stay would return,5
rajshahi,heritage,Rajshahi expected better from the pictures,2
rajshahi,heritage,Rajshahi decent location but small rooms,3
rajshahi,heritage,Rajshahi mediocre rooms with bad lighting below average food and slow wifi decent location but small rooms,2
rajshahi,heritage,Rajshahi fine but nothing to remember fine but nothing to remember,3
rajshahi,heritage,Rajshahi mediocre rooms with bad lighting rude staff and noisy place small room and unhelpful staff,2
rajshahi,heritage,Rajshahi not worth the price expected better from the pictures,2
rajshahi,heritage,Rajshahi below average food and slow wifi,2
rajshahi,heritage,Rajshahi below average food and slow wifi,2
rajshahi,heritage,Rajshahi below average food and slow wifi,2
rajshahi,heritage,Rajshahi decent location but small rooms,3
rajshahi,heritage,Rajshahi outstanding service and perfect location great breakfast and friendly staff fine but nothing to remember,4
rajshahi,heritage,Rajshahi worst experience ever terrible service and dirty room not worth the price,1
rajshahi,heritage,Rajshahi average stay nothing special,3
rajshahi,heritage,Rajshahi mediocre rooms with bad lighting,2
rajshahi,heritage,Rajshahi horrible smell and broken air conditioning below average food and slow wifi,1
rajshahi,heritage,Rajshahi staff ignored our complaints terrible service and dirty room below average food and slow wifi,1
rajshahi,heritage,Rajshahi outstanding service and perfect location best trip ever highly recommend,5
rajshahi,heritage,Rajshahi fine but nothing to remember,3
rajshahi,heritage,Rajshahi okay place for one night expected better from the pictures,2
rajshahi,heritage,Rajshahi spotless room with great view,5
rajshahi,heritage,Rajshahi pleasant view and good wifi,4
rajshahi,heritage,Rajshahi rude staff and noisy place,1
rajshahi,heritage,Rajshahi not worth the price reasonable value for a short trip,3
rajshahi,heritage,Rajshahi memorable stay with excellent food pleasant view and good wifi,4
rajshahi,heritage,Rajshahi decent location but small rooms,3
rajshahi,heritage,Rajshahi best trip ever highly recommend outstanding service and perfect location,5
rajshahi,heritage,Rajshahi not worth the price horrible smell and broken air conditioning,1
rajshahi,heritage,Rajshahi worst experience ever,1
rajshahi,heritage,Rajshahi best trip ever highly recommend good service and clean room,4
rajshahi,heritage,Rajshahi best trip ever highly recommend outstanding service and perfect location,5
rajshahi,heritage,Rajshahi terrible service and dirty room,1
rajshahi,heritage,Rajshahi pleasant view and good wifi,4
rangamati,nature,Rangamati nice food and helpful staff,4
rangamati,nature,Rangamati memorable stay with excellent food,5
rangamati,nature,Rangamati not worth the price terrible service and dirty room,2
rangamati,nature,Rangamati comfortable stay would return spotless room with great view memorable stay with excellent food,5
rangamati,nature,Rangamati nice food and helpful staff,4
rangamati,nature,Rangamati mediocre rooms with bad lighting average stay nothing special,2
rangamati,nature,Rangamati decent location but small rooms,3
rangamati,nature,Rangamati good service and clean room average stay nothing special reasonable value for a short trip,3
rangamati,nature,Rangamati fine but nothing to remember mediocre rooms with bad lighting nice food and helpful staff,3
rangamati,nature,Rangamati reasonable value for a short trip good service and clean room,3
rangamati,nature,Rangamati nice food and helpful staff decent location but small rooms,4
rangamati,nature,Rangamati amazing experience wonderful staff memorable stay with excellent food amazing experience wonderful staff,5
rangamati,nature,Rangamati decent location but small rooms,3
rangamati,nature,Rangamati pleasant view and good wifi fine but nothing to remember,3
rangamati,nature,Rangamati rude staff and noisy place rude staff and noisy place mediocre rooms with bad lighting,1
rangamati,nature,Rangamati terrible service and dirty room not worth the price small room and unhelpful staff,2
rangamati,nature,Rangamati terrible service and dirty room mediocre rooms with bad lighting,2
rangamati,nature,Rangamati pleasant view and good wifi outstanding service and perfect location,4
rangamati,nature,Rangamati memorable stay with excellent food,5
rangamati,nature,Rangamati nice food and helpful staff,4
rangamati,nature,Rangamati average stay nothing special,3
rangamati,nature,Rangamati great breakfast and friendly staff,4
rangamati,nature,Rangamati below average food and slow wifi mediocre rooms with bad lighting,2
rangamati,nature,Rangamati decent location but small rooms decent location but small rooms good service and clean room,3
rangamati,nature,Rangamati comfortable stay would return,4
rangamati,nature,Rangamati spotless room with great view,5
rangamati,nature,Rangamati nice food and helpful staff fine but nothing to remember,3
rangamati,nature,Rangamati good service and clean room pleasant view and good wifi amazing experience wonderful staff,4
rangamati,nature,Rangamati good service and clean room,4
rangamati,nature,Rangamati reasonable value for a short trip not worth the price great breakfast and friendly staff,3
rangamati,nature,Rangamati expected better from the pictures below average food and slow wifi average stay nothing special,3
rangamati,nature,Rangamati fine but nothing to remember,3
rangamati,nature,Rangamati pleasant view and good wifi,4
rangamati,nature,Rangamati staff ignored our complaints,1
rangamati,nature,Rangamati horrible smell and broken air conditioning,1
rangamati,nature,Rangamati reasonable value for a short trip mediocre rooms with bad lighting worst experience ever,2
rangamati,nature,Rangamati decent location but small rooms not worth the price average stay nothing special,3
rangamati,nature,Rangamati fine but nothing to remember,3
rangamati,nature,Rangamati staff ignored our complaints horrible smell and broken air conditioning,1
rangamati,nature,Rangamati comfortable stay would return best trip ever highly recommend best trip ever highly recommend,5
rangamati,nature,Rangamati great breakfast and friendly staff pleasant view and good wifi reasonable value for a short trip,3
rangamati,nature,Rangamati nice food and helpful staff,4
rangamati,nature,Rangamati rude staff and noisy place,1
rangamati,nature,Rangamati amazing experience wonderful staff,5
rangamati,nature,Rangamati fine but nothing to remember not worth the price expected better from the pictures,2
rangamati,nature,Rangamati comfortable stay would return best trip ever highly recommend,5
rangamati,nature,Rangamati terrible service and dirty room horrible smell and broken air conditioning,1
rangamati,nature,Rangamati pleasant view and good wifi okay place for one night,3
rangamati,nature,Rangamati terrible service and dirty room below average food and slow wifi,2
rangamati,nature,Rangamati not worth the price fine but nothing to remember fine but nothing to remember,3
rangamati,nature,Rangamati horrible smell and broken air conditioning,1
rangamati,nature,Rangamati amazing experience wonderful staff amazing experience wonderful staff good service and clean room,5
rangamati,nature,Rangamati spotless room with great view,5
rangamati,nature,Rangamati great breakfast and friendly staff,4
rangamati,nature,Rangamati rude staff and noisy place,1
rangamati,nature,Rangamati average stay nothing special small room and unhelpful staff small room and unhelpful staff,2
rangamati,nature,Rangamati nice food and helpful staff amazing experience wonderful staff great breakfast and friendly staff,4
rangamati,nature,Rangamati okay place for one night,3
rangamati,nature,Rangamati horrible smell and broken air conditioning staff ignored our complaints,1
rangamati,nature,Rangamati amazing experience wonderful staff outstanding service and perfect location,5
rangamati,nature,Rangamati amazing experience wonderful staff,5
rangamati,nature,Rangamati good service and clean room memorable stay with excellent food,5
rangamati,nature,Rangamati horrible smell and broken air conditioning mediocre rooms with bad lighting mediocre rooms with bad lighting,2
rangamati,nature,Rangamati rude staff and noisy place below average food and slow wifi,1
rangamati,nature,Rangamati below average food and slow wifi rude staff and noisy place,1
rangamati,nature,Rangamati decent location but small rooms below average food and slow wifi,2
rangamati,nature,Rangamati okay place for one night,3
rangamati,nature,Rangamati great breakfast and friendly staff,4
rangamati,nature,Rangamati okay place for one night not worth the price small room and unhelpful staff,2
rangamati,nature,Rangamati worst experience ever horrible smell and broken air conditioning,1
rangamati,nature,Rangamati memorable stay with excellent food amazing experience wonderful staff best trip ever highly recommend,5
rangamati,nature,Rangamati good service and clean room best trip ever highly recommend outstanding service and perfect location,5
rangamati,nature,Rangamati terrible service and dirty room not worth the price,1
rangamati,nature,Rangamati below average food and slow wifi,2
rangamati,nature,Rangamati fine but nothing to remember nice food and helpful staff,3
rangamati,nature,Rangamati good service and clean room,4
rangamati,nature,Rangamati below average food and slow wifi,2
rangamati,nature,Rangamati average stay nothing special decent location but small rooms,3
rangamati,nature,Rangamati not worth the price expected better from the pictures worst experience ever,1
rangamati,nature,Rangamati small room and unhelpful staff,2
rangamati,nature,Rangamati terrible service and dirty room,1
rangamati,nature,Rangamati decent location but small rooms,3
rangamati,nature,Rangamati expected better from the pictures below average food and slow wifi average stay nothing special,2
rangamati,nature,Rangamati great breakfast and friendly staff pleasant view and good wifi memorable stay with excellent food,5
rangamati,nature,Rangamati decent location but small rooms pleasant view and good wifi,3
rangamati,nature,Rangamati mediocre rooms with bad lighting,2
rangamati,nature,Rangamati mediocre rooms with bad lighting rude staff and noisy place not worth the price,1
rangamati,nature,Rangamati outstanding service and perfect location,5
rangamati,nature,Rangamati nice food and helpful staff pleasant view and good wifi amazing experience wonderful staff,4
rangamati,nature,Rangamati great breakfast and friendly staff good service and clean room spotless room with great view,4
rangamati,nature,Rangamati spotless room with great view memorable stay with excellent food nice food and helpful staff,5
rangamati,nature,Rangamati worst experience ever staff ignored our complaints rude staff and noisy place,1
rangamati,nature,Rangamati nice food and helpful staff memorable stay with excellent food,5
rangamati,nature,Rangamati pleasant view and good wifi great breakfast and friendly staff nice food and helpful staff,4
rangamati,nature,Rangamati amazing experience wonderful staff pleasant view and good wifi,5
rangamati,nature,Rangamati decent location but small rooms,3
rangamati,nature,Rangamati great breakfast and friendly staff best trip ever highly recommend,4
rangamati,nature,Rangamati average stay nothing special comfortable stay would return,4
rangamati,nature,Rangamati pleasant view and good wifi outstanding service and perfect location,4
rangamati,nature,Rangamati comfortable stay would return not worth the price okay place for one night,3
sreemangal,nature,Sreemangal good service and clean room,4
sreemangal,nature,Sreemangal rude staff and noisy place expected better from the pictures expected better from the pictures,2
sreemangal,nature,Sreemangal outstanding service and perfect location,5
sreemangal,nature,Sreemangal spotless room with great view great breakfast and friendly staff comfortable stay would return,5
sreemangal,nature,Sreemangal pleasant view and good wifi,4
sreemangal,nature,Sreemangal terrible service and dirty room horrible smell and broken air conditioning not worth the price,1
sreemangal,nature,Sreemangal fine but nothing to remember,3
sreemangal,nature,Sreemangal comfortable stay would return pleasant view and good wifi amazing experience wonderful staff,5
sreemangal,nature,Sreemangal staff ignored our complaints,1
sreemangal,nature,Sreemangal staff ignored our complaints,1
sreemangal,nature,Sreemangal expected better from the pictures mediocre rooms with bad lighting average stay nothing special,3
sreemangal,nature,Sreemangal outstanding service and perfect location outstanding service and perfect location,5
sreemangal,nature,Sreemangal rude staff and noisy place,1
sreemangal,nature,Sreemangal good service and clean room spotless room with great view,4
sreemangal,nature,Sreemangal not worth the price nice food and helpful staff okay place for one night,3
sreemangal,nature,Sreemangal spotless room with great view nice food and helpful staff,5
sreemangal,nature,Sreemangal comfortable stay would return,4
sreemangal,nature,Sreemangal amazing experience wonderful staff,5
sreemangal,nature,Sreemangal staff ignored our complaints,1
sreemangal,nature,Sreemangal memorable stay with excellent food good service and clean room,5
sreemangal,nature,Sreemangal comfortable stay would return reasonable value for a short trip okay place for one night,3
sreemangal,nature,Sreemangal outstanding service and perfect location amazing experience wonderful staff,5
sreemangal,nature,Sreemangal small room and unhelpful staff,2
sreemangal,nature,Sreemangal reasonable value for a short trip average stay nothing special great breakfast and friendly staff,3
sreemangal,nature,Sreemangal expected better from the pictures decent location but small rooms,3
sreemangal,nature,Sreemangal decent location but small rooms,3
sreemangal,nature,Sreemangal comfortable stay would return,4
sreemangal,nature,Sreemangal memorable stay with excellent food,5
sreemangal,nature,Sreemangal mediocre rooms with bad lighting worst experience ever,1
sreemangal,nature,Sreemangal below average food and slow wifi worst experience ever,2
sreemangal,nature,Sreemangal expected better from the pictures terrible service and dirty room,2
sreemangal,nature,Sreemangal best trip ever highly recommend,5
sreemangal,nature,Sreemangal good service and clean room outstanding service and perfect location spotless room with great view,5
sreemangal,nature,Sreemangal fine but nothing to remember,3
sreemangal,nature,Sreemangal memorable stay with excellent food spotless room with great view best trip ever highly recommend,5
sreemangal,nature,Sreemangal decent location but small rooms not worth the price small room and unhelpful staff,2
sreemangal,nature,Sreemangal great breakfast and friendly staff,4
sreemangal,nature,Sreemangal not worth the price,2
sreemangal,nature,Sreemangal nice food and helpful staff,4
sreemangal,nature,Sreemangal spotless room with great view good service and clean room,4
sreemangal,nature,Sreemangal okay place for one night,3
sreemangal,nature,Sreemangal not worth the price,2
sreemangal,nature,Sreemangal okay place for one night great breakfast and friendly staff below average food and slow wifi,3
sreemangal,nature,Sreemangal decent location but small rooms below average food and slow wifi,2
sreemangal,nature,Sreemangal memorable stay with excellent food,5
sreemangal,nature,Sreemangal horrible smell and broken air conditioning,1
sreemangal,nature,Sreemangal pleasant view and good wifi amazing experience wonderful staff,5
sreemangal,nature,Sreemangal staff ignored our complaints small room and unhelpful staff,1
sreemangal,nature,Sreemangal great breakfast and friendly staff good service and clean room,4
sreemangal,nature,Sreemangal good service and clean room nice food and helpful staff,4
sreemangal,nature,Sreemangal good service and clean room,4
sreemangal,nature,Sreemangal below average food and slow wifi decent location but small rooms,2
sreemangal,nature,Sreemangal staff ignored our complaints not worth the price,2
sreemangal,nature,Sreemangal pleasant view and good wifi,4
sreemangal,nature,Sreemangal great breakfast and friendly staff,4
sreemangal,nature,Sreemangal nice food and helpful staff,4
sreemangal,nature,Sreemangal nice food and helpful staff great breakfast and friendly staff,4
sreemangal,nature,Sreemangal mediocre rooms with bad lighting decent location but small rooms,2
sreemangal,nature,Sreemangal fine but nothing to remember pleasant view and good wifi,3
sreemangal,nature,Sreemangal reasonable value for a short trip,3
sreemangal,nature,Sreemangal spotless room with great view,5
sreemangal,nature,Sreemangal horrible smell and broken air conditioning,1
sreemangal,nature,Sreemangal reasonable value for a short trip not worth the price,2
sreemangal,nature,Sreemangal amazing experience wonderful staff pleasant view and good wifi best trip ever highly recommend,5
sreemangal,nature,Sreemangal comfortable stay would return,4
sreemangal,nature,Sreemangal mediocre rooms with bad lighting small room and unhelpful staff,2
sreemangal,nature,Sreemangal staff ignored our complaints rude staff and noisy place,1
sreemangal,nature,Sreemangal not worth the price,2
sreemangal,nature,Sreemangal horrible smell and broken air conditioning worst experience ever terrible service and dirty room,1
sreemangal,nature,Sreemangal terrible service and dirty room rude staff and noisy place,1
sreemangal,nature,Sreemangal outstanding service and perfect location,5
sreemangal,nature,Sreemangal staff ignored our complaints,1
sreemangal,nature,Sreemangal horrible smell and broken air conditioning terrible service and dirty room,1
sreemangal,nature,Sreemangal small room and unhelpful staff,2
sreemangal,nature,Sreemangal okay place for one night,3
sreemangal,nature,Sreemangal comfortable stay would return decent location but small rooms,3
sreemangal,nature,Sreemangal not worth the price small room and unhelpful staff,2
sreemangal,nature,Sreemangal pleasant view and good wifi,4
sreemangal,nature,Sreemangal fine but nothing to remember fine but nothing to remember expected better from the pictures,3
sreemangal,nature,Sreemangal pleasant view and good wifi memorable stay with excellent food,5
sreemangal,nature,Sreemangal average stay nothing special nice food and helpful staff,3
sreemangal,nature,Sreemangal nice food and helpful staff reasonable value for a short trip outstanding service and perfect location,4
sreemangal,nature,Sreemangal great breakfast and friendly staff okay place for one night,3
sreemangal,nature,Sreemangal below average food and slow wifi mediocre rooms with bad lighting,2
sreemangal,nature,Sreemangal fine but nothing to remember okay place for one night,3
sreemangal,nature,Sreemangal good service and clean room okay place for one night,3
sreemangal,nature,Sreemangal mediocre rooms with bad lighting,2
sreemangal,nature,Sreemangal decent location but small rooms,3
sreemangal,nature,Sreemangal comfortable stay would return outstanding service and perfect location spotless room with great view,5
sreemangal,nature,Sreemangal decent location but small rooms,3
sreemangal,nature,Sreemangal horrible smell and broken air conditioning,1
sreemangal,nature,Sreemangal spotless room with great view,5
sreemangal,nature,Sreemangal great breakfast and friendly staff outstanding service and perfect location good service and clean room,4
sreemangal,nature,Sreemangal fine but nothing to remember,3
sreemangal,nature,Sreemangal okay place for one night pleasant view and good wifi,3
sreemangal,nature,Sreemangal outstanding service and perfect location comfortable stay would return best trip ever highly recommend,5
sreemangal,nature,Sreemangal mediocre rooms with bad lighting,2
sreemangal,nature,Sreemangal spotless room with great view great breakfast and friendly staff,5
sreemangal,nature,Sreemangal not worth the price,2
sreemangal,nature,Sreemangal staff ignored our complaints terrible service and dirty room,1
srimangal,nature,Srimangal small room and unhelpful staff okay place for one night,2
srimangal,nature,Srimangal reasonable value for a short trip below average food and slow wifi great breakfast and friendly staff,3
srimangal,nature,Srimangal great breakfast and friendly staff,4
srimangal,nature,Srimangal rude staff and noisy place horrible smell and broken air conditioning,1
srimangal,nature,Srimangal amazing experience wonderful staff amazing experience wonderful staff nice food and helpful staff,5
srimangal,nature,Srimangal staff ignored our complaints terrible service and dirty room,1
srimangal,nature,Srimangal mediocre rooms with bad lighting below average food and slow wifi,2
srimangal,nature,Srimangal memorable stay with excellent food,5
srimangal,nature,Srimangal okay place for one night reasonable value for a short trip,3
srimangal,nature,Srimangal great breakfast and friendly staff outstanding service and perfect location good service and clean room,4
srimangal,nature,Srimangal worst experience ever,1
srimangal,nature,Srimangal reasonable value for a short trip great breakfast and friendly staff,3
srimangal,nature,Srimangal mediocre rooms with bad lighting horrible smell and broken air conditioning okay place for one night,2
srimangal,nature,Srimangal comfortable stay would return amazing experience wonderful staff,4
srimangal,nature,Srimangal comfortable stay would return great breakfast and friendly staff,4
srimangal,nature,Srimangal horrible smell and broken air conditioning horrible smell and broken air conditioning,1
srimangal,nature,Srimangal best trip ever highly recommend great breakfast and friendly staff good service and clean room,4
srimangal,nature,Srimangal worst experience ever,1
srimangal,nature,Srimangal expected better from the pictures small room and unhelpful staff decent location but small rooms,2
srimangal,nature,Srimangal terrible service and dirty room not worth the price,2
srimangal,nature,Srimangal terrible service and dirty room terrible service and dirty room,1
srimangal,nature,Srimangal terrible service and dirty room worst experience ever,1
srimangal,nature,Srimangal comfortable stay would return comfortable stay would return,4
srimangal,nature,Srimangal below average food and slow wifi nice food and helpful staff reasonable value for a short trip,3
srimangal,nature,Srimangal best trip ever highly recommend amazing experience wonderful staff spotless room with great view,5
srimangal,nature,Srimangal small room and unhelpful staff rude staff and noisy place worst experience ever,1
srimangal,nature,Srimangal mediocre rooms with bad lighting,2
srimangal,nature,Srimangal fine but nothing to remember,3
srimangal,nature,Srimangal pleasant view and good wifi,4
srimangal,nature,Srimangal horrible smell and broken air conditioning not worth the price mediocre rooms with bad lighting,1
srimangal,nature,Srimangal good service and clean room,4
srimangal,nature,Srimangal horrible smell and broken air conditioning,1
srimangal,nature,Srimangal expected better from the pictures,2
srimangal,nature,Srimangal nice food and helpful staff outstanding service and perfect location spotless room with great view,4
srimangal,nature,Srimangal rude staff and noisy place,1
srimangal,nature,Srimangal memorable stay with excellent food,5
srimangal,nature,Srimangal decent location but small rooms,3
srimangal,nature,Srimangal best trip ever highly recommend memorable stay with excellent food,5
srimangal,nature,Srimangal average stay nothing special average stay nothing special,3
srimangal,nature,Srimangal okay place for one night small room and unhelpful staff terrible service and dirty room,2
srimangal,nature,Srimangal staff ignored our complaints below average food and slow wifi,2
srimangal,nature,Srimangal comfortable stay would return,4
srimangal,nature,Srimangal best trip ever highly recommend,5
srimangal,nature,Srimangal below average food and slow wifi,2
srimangal,nature,Srimangal staff ignored our complaints horrible smell and broken air conditioning,1
srimangal,nature,Srimangal memorable stay with excellent food outstanding service and perfect location,5
srimangal,nature,Srimangal fine but nothing to remember below average food and slow wifi,2
srimangal,nature,Srimangal fine but nothing to remember,3
srimangal,nature,Srimangal fine but nothing to remember below average food and slow wifi,2
srimangal,nature,Srimangal outstanding service and perfect location outstanding service and perfect location,5
srimangal,nature,Srimangal expected better from the pictures staff ignored our complaints terrible service and dirty room,1
srimangal,nature,Srimangal expected better from the pictures,2
srimangal,nature,Srimangal average stay nothing special fine but nothing to remember average stay nothing special,3
srimangal,nature,Srimangal comfortable stay would return reasonable value for a short trip,3
srimangal,nature,Srimangal okay place for one night comfortable stay would return,3
srimangal,nature,Srimangal okay place for one night,3
srimangal,nature,Srimangal pleasant view and good wifi,4
srimangal,nature,Srimangal small room and unhelpful staff below average food and slow wifi,2
srimangal,nature,Srimangal pleasant view and good wifi outstanding service and perfect location,4
srimangal,nature,Srimangal amazing experience wonderful staff,5
srimangal,nature,Srimangal terrible service and dirty room mediocre rooms with bad lighting worst experience ever,1
srimangal,nature,Srimangal small room and unhelpful staff,2
srimangal,nature,Srimangal pleasant view and good wifi best trip ever highly recommend,5
srimangal,nature,Srimangal great breakfast and friendly staff amazing experience wonderful staff nice food and helpful staff,5
srimangal,nature,Srimangal staff ignored our complaints fine but nothing to remember small room and unhelpful staff,2
srimangal,nature,Srimangal reasonable value for a short trip,3
srimangal,nature,Srimangal staff ignored our complaints terrible service and dirty room expected better from the pictures,1
srimangal,nature,Srimangal okay place for one night pleasant view and good wifi best trip ever highly recommend,4
srimangal,nature,Srimangal worst experience ever worst experience ever,1
srimangal,nature,Srimangal outstanding service and perfect location,5
srimangal,nature,Srimangal okay place for one night comfortable stay would return pleasant view and good wifi,4
srimangal,nature,Srimangal rude staff and noisy place,1
srimangal,nature,Srimangal comfortable stay would return amazing experience wonderful staff,4
srimangal,nature,Srimangal spotless room with great view great breakfast and friendly staff pleasant view and good wifi,4
srimangal,nature,Srimangal pleasant view and good wifi fine but nothing to remember best trip ever highly recommend,4
srimangal,nature,Srimangal expected better from the pictures not worth the price horrible smell and broken air conditioning,2
srimangal,nature,Srimangal staff ignored our complaints mediocre rooms with bad lighting not worth the price,2
srimangal,nature,Srimangal small room and unhelpful staff mediocre rooms with bad lighting terrible service and dirty room,2
srimangal,nature,Srimangal pleasant view and good wifi outstanding service and perfect location,5
srimangal,nature,Srimangal small room and unhelpful staff terrible service and dirty room,1
srimangal,nature,Srimangal good service and clean room pleasant view and good wifi,4
srimangal,nature,Srimangal staff ignored our complaints,1
srimangal,nature,Srimangal nice food and helpful staff,4
srimangal,nature,Srimangal not worth the price not worth the price,2
srimangal,nature,Srimangal small room and unhelpful staff,2
srimangal,nature,Srimangal below average food and slow wifi average stay nothing special decent location but small rooms,3
srimangal,nature,Srimangal great breakfast and friendly staff amazing experience wonderful staff,4
srimangal,nature,Srimangal okay place for one night,3
srimangal,nature,Srimangal pleasant view and good wifi,4
srimangal,nature,Srimangal best trip ever highly recommend,5
srimangal,nature,Srimangal horrible smell and broken air conditioning expected better from the pictures terrible service and dirty room,2
srimangal,nature,Srimangal terrible service and dirty room staff ignored our complaints worst experience ever,1
srimangal,nature,Srimangal memorable stay with excellent food outstanding service and perfect location,5
srimangal,nature,Srimangal below average food and slow wifi,2
srimangal,nature,Srimangal worst experience ever not worth the price rude staff and noisy place,1
srimangal,nature,Srimangal rude staff and noisy place staff ignored our complaints,1
srimangal,nature,Srimangal below average food and slow wifi small room and unhelpful staff fine but nothing to remember,2
srimangal,nature,Srimangal spotless room with great view,5
srimangal,nature,Srimangal pleasant view and good wifi pleasant view and good wifi reasonable value for a short trip,4
srimangal,nature,Srimangal terrible service and dirty room not worth the price,2
sundarbans,nature,Sundarbans terrible service and dirty room,1
sundarbans,nature,Sundarbans pleasant view and good wifi best trip ever highly recommend,4
sundarbans,nature,Sundarbans nice food and helpful staff decent location but small rooms spotless room with great view,4
sundarbans,nature,Sundarbans not worth the price small room and unhelpful staff,2
sundarbans,nature,Sundarbans comfortable stay would return reasonable value for a short trip expected better from the pictures,3
sundarbans,nature,Sundarbans decent location but small rooms pleasant view and good wifi average stay nothing special,3
sundarbans,nature,Sundarbans small room and unhelpful staff mediocre rooms with bad lighting,2
sundarbans,nature,Sundarbans rude staff and noisy place terrible service and dirty room,1
sundarbans,nature,Sundarbans outstanding service and perfect location good service and clean room,5
sundarbans,nature,Sundarbans reasonable value for a short trip reasonable value for a short trip,3
sundarbans,nature,Sundarbans fine but nothing to remember comfortable stay would return good service and clean room,4
sundarbans,nature,Sundarbans small room and unhelpful staff okay place for one night,3
sundarbans,nature,Sundarbans not worth the price staff ignored our complaints not worth the price,2
sundarbans,nature,Sundarbans horrible smell and broken air conditioning expected better from the pictures mediocre rooms with bad lighting,2
sundarbans,nature,Sundarbans rude staff and noisy place staff ignored our complaints horrible smell and broken air conditioning,1
sundarbans,nature,Sundarbans okay place for one night,3
sundarbans,nature,Sundarbans decent location but small rooms mediocre rooms with bad lighting horrible smell and broken air conditioning,2
sundarbans,nature,Sundarbans expected better from the pictures average stay nothing special reasonable value for a short trip,2
sundarbans,nature,Sundarbans decent location but small rooms expected better from the pictures rude staff and noisy place,2
sundarbans,nature,Sundarbans amazing experience wonderful staff,5
sundarbans,nature,Sundarbans worst experience ever,1
sundarbans,nature,Sundarbans good service and clean room outstanding service and perfect location,4
sundarbans,nature,Sundarbans great breakfast and friendly staff average stay nothing special pleasant view and good wifi,4
sundarbans,nature,Sundarbans okay place for one night small room and unhelpful staff,3
sundarbans,nature,Sundarbans below average food and slow wifi,2
sundarbans,nature,Sundarbans comfortable stay would return spotless room with great view comfortable stay would return,4
sundarbans,nature,Sundarbans good service and clean room comfortable stay would return best trip ever highly recommend,5
sundarbans,nature,Sundarbans fine but nothing to remember,3
sundarbans,nature,Sundarbans rude staff and noisy place below average food and slow wifi terrible service and dirty room,1
sundarbans,nature,Sundarbans fine but nothing to remember,3
sundarbans,nature,Sundarbans rude staff and noisy place,1
sundarbans,nature,Sundarbans pleasant view and good wifi okay place for one night small room and unhelpful staff,3
sundarbans,nature,Sundarbans fine but nothing to remember expected better from the pictures okay place for one night,2
sundarbans,nature,Sundarbans mediocre rooms with bad lighting,2
sundarbans,nature,Sundarbans horrible smell and broken air conditioning,1
sundarbans,nature,Sundarbans rude staff and noisy place,1
sundarbans,nature,Sundarbans fine but nothing to remember worst experience ever small room and unhelpful staff,2
sundarbans,nature,Sundarbans small room and unhelpful staff small room and unhelpful staff,2
sundarbans,nature,Sundarbans mediocre rooms with bad lighting mediocre rooms with bad lighting,2
sundarbans,nature,Sundarbans best trip ever highly recommend,5
sundarbans,nature,Sundarbans decent location but small rooms below average food and slow wifi,2
sundarbans,nature,Sundarbans mediocre rooms with bad lighting,2
sundarbans,nature,Sundarbans memorable stay with excellent food amazing experience wonderful staff best trip ever highly recommend,5
sundarbans,nature,Sundarbans mediocre rooms with bad lighting expected better from the pictures horrible smell and broken air conditioning,1
sundarbans,nature,Sundarbans small room and unhelpful staff horrible smell and broken air conditioning expected better from the pictures,1
sundarbans,nature,Sundarbans comfortable stay would return amazing experience wonderful staff fine but nothing to remember,4
sundarbans,nature,Sundarbans staff ignored our complaints below average food and slow wifi not worth the price,1
sundarbans,nature,Sundarbans good service and clean room,4
sundarbans,nature,Sundarbans great breakfast and friendly staff,4
sundarbans,nature,Sundarbans best trip ever highly recommend,5
sundarbans,nature,Sundarbans nice food and helpful staff,4
sundarbans,nature,Sundarbans outstanding service and perfect location amazing experience wonderful staff,5
sundarbans,nature,Sundarbans okay place for one night not worth the price average stay nothing special,3
sundarbans,nature,Sundarbans memorable stay with excellent food,5
sundarbans,nature,Sundarbans best trip ever highly recommend,5
sundarbans,nature,Sundarbans reasonable value for a short trip pleasant view and good wifi,4
sundarbans,nature,Sundarbans mediocre rooms with bad lighting small room and unhelpful staff,2
sundarbans,nature,Sundarbans amazing experience wonderful staff outstanding service and perfect location good service and clean room,5
sundarbans,nature,Sundarbans great breakfast and friendly staff pleasant view and good wifi average stay nothing special,4
sundarbans,nature,Sundarbans memorable stay with excellent food spotless room with great view,5
sundarbans,nature,Sundarbans okay place for one night good service and clean room amazing experience wonderful staff,4
sundarbans,nature,Sundarbans reasonable value for a short trip okay place for one night,3
sundarbans,nature,Sundarbans pleasant view and good wifi,4
sundarbans,nature,Sundarbans pleasant view and good wifi,4
sundarbans,nature,Sundarbans below average food and slow wifi decent location but small rooms,3
sundarbans,nature,Sundarbans best trip ever highly recommend,5
sundarbans,nature,Sundarbans memorable stay with excellent food pleasant view and good wifi spotless room with great view,5
sundarbans,nature,Sundarbans rude staff and noisy place staff ignored our complaints,1
sundarbans,nature,Sundarbans worst experience ever,1
sundarbans,nature,Sundarbans mediocre rooms with bad lighting,2
sundarbans,nature,Sundarbans rude staff and noisy place,1
sundarbans,nature,Sundarbans expected better from the pictures,2
sundarbans,nature,Sundarbans reasonable value for a short trip,3
sundarbans,nature,Sundarbans not worth the price okay place for one night small room and unhelpful staff,2
sundarbans,nature,Sundarbans not worth the price okay place for one night mediocre rooms with bad lighting,2
sundarbans,nature,Sundarbans reasonable value for a short trip average stay nothing special,3
sundarbans,nature,Sundarbans great breakfast and friendly staff amazing experience wonderful staff,5
sundarbans,nature,Sundarbans horrible smell and broken air conditioning worst experience ever,1
sundarbans,nature,Sundarbans okay place for one night nice food and helpful staff not worth the price,3
sundarbans,nature,Sundarbans mediocre rooms with bad lighting horrible smell and broken air conditioning,2
sundarbans,nature,Sundarbans outstanding service and perfect location outstanding service and perfect location,5
sundarbans,nature,Sundarbans best trip ever highly recommend amazing experience wonderful staff,5
sundarbans,nature,Sundarbans terrible service and dirty room below average food and slow wifi,1
sundarbans,nature,Sundarbans good service and clean room,4
sundarbans,nature,Sundarbans outstanding service and perfect location great breakfast and friendly staff memorable stay with excellent food,5
sundarbans,nature,Sundarbans great breakfast and friendly staff below average food and slow wifi fine but nothing to remember,3
sundarbans,nature,Sundarbans outstanding service and perfect location spotless room with great view best trip ever highly recommend,5
sundarbans,nature,Sundarbans reasonable value for a short trip okay place for one night,3
sundarbans,nature,Sundarbans below average food and slow wifi,2
sundarbans,nature,Sundarbans amazing experience wonderful staff great breakfast and friendly staff,5
sundarbans,nature,Sundarbans horrible smell and broken air conditioning staff ignored our complaints worst experience ever,1
sundarbans,nature,Sundarbans comfortable stay would return,4
sundarbans,nature,Sundarbans pleasant view and good wifi fine but nothing to remember reasonable value for a short trip,3
sundarbans,nature,Sundarbans average stay nothing special small room and unhelpful staff,3
sundarbans,nature,Sundarbans average stay nothing special pleasant view and good wifi fine but nothing to remember,4
sundarbans,nature,Sundarbans horrible smell and broken air conditioning staff ignored our complaints,1
sundarbans,nature,Sundarbans horrible smell and broken air conditioning mediocre rooms with bad lighting worst experience ever,1
sundarbans,nature,Sundarbans small room and unhelpful staff reasonable value for a short trip staff ignored our complaints,2
sundarbans,nature,Sundarbans memorable stay with excellent food best trip ever highly recommend,5
sundarbans,nature,Sundarbans small room and unhelpful staff terrible service and dirty room,1
sylhet,nature,Sylhet amazing experience wonderful staff great breakfast and friendly staff,5
sylhet,nature,Sylhet comfortable stay would return good service and clean room fine but nothing to remember,4
sylhet,nature,Sylhet pleasant view and good wifi best trip ever highly recommend best trip ever highly recommend,5
sylhet,nature,Sylhet great breakfast and friendly staff amazing experience wonderful staff,5
sylhet,nature,Sylhet small room and unhelpful staff,2
sylhet,nature,Sylhet staff ignored our complaints expected better from the pictures small room and unhelpful staff,1
sylhet,nature,Sylhet comfortable stay would return,4
sylhet,nature,Sylhet terrible service and dirty room expected better from the pictures horrible smell and broken air conditioning,2
sylhet,nature,Sylhet great breakfast and friendly staff spotless room with great view comfortable stay would return,5
sylhet,nature,Sylhet okay place for one night good service and clean room fine but nothing to remember,4
sylhet,nature,Sylhet fine but nothing to remember comfortable stay would return mediocre rooms with bad lighting,3
sylhet,nature,Sylhet memorable stay with excellent food good service and clean room best trip ever highly recommend,5
sylhet,nature,Sylhet outstanding service and perfect location comfortable stay would return,4
sylhet,nature,Sylhet rude staff and noisy place staff ignored our complaints staff ignored our complaints,1
sylhet,nature,Sylhet small room and unhelpful staff,2
sylhet,nature,Sylhet rude staff and noisy place,1
sylhet,nature,Sylhet best trip ever highly recommend,5
sylhet,nature,Sylhet memorable stay with excellent food amazing experience wonderful staff,5
sylhet,nature,Sylhet nice food and helpful staff great breakfast and friendly staff,4
sylhet,nature,Sylhet outstanding service and perfect location,5
sylhet,nature,Sylhet great breakfast and friendly staff comfortable stay would return memorable stay with excellent food,5
sylhet,nature,Sylhet decent location but small rooms below average food and slow wifi,3
sylhet,nature,Sylhet outstanding service and perfect location spotless room with great view,5
sylhet,nature,Sylhet fine but nothing to remember good service and clean room,3
sylhet,nature,Sylhet decent location but small rooms good service and clean room reasonable value for a short trip,3
sylhet,nature,Sylhet fine but nothing to remember,3
sylhet,nature,Sylhet staff ignored our complaints not worth the price,1
sylhet,nature,Sylhet average stay nothing special not worth the price fine but nothing to remember,2
sylhet,nature,Sylhet not worth the price reasonable value for a short trip,3
sylhet,nature,Sylhet okay place for one night good service and clean room,3
sylhet,nature,Sylhet nice food and helpful staff spotless room with great view,5
sylhet,nature,Sylhet memorable stay with excellent food great breakfast and friendly staff reasonable value for a short trip,4
sylhet,nature,Sylhet small room and unhelpful staff decent location but small rooms not worth the price,3
sylhet,nature,Sylhet outstanding service and perfect location good service and clean room,5
sylhet,nature,Sylhet amazing experience wonderful staff nice food and helpful staff,5
sylhet,nature,Sylhet mediocre rooms with bad lighting,2
sylhet,nature,Sylhet best trip ever highly recommend,5
sylhet,nature,Sylhet amazing experience wonderful staff great breakfast and friendly staff,5
sylhet,nature,Sylhet reasonable value for a short trip,3
sylhet,nature,Sylhet horrible smell and broken air conditioning terrible service and dirty room small room and unhelpful staff,1
sylhet,nature,Sylhet amazing experience wonderful staff,5
sylhet,nature,Sylhet terrible service and dirty room,1
sylhet,nature,Sylhet worst experience ever terrible service and dirty room,1
sylhet,nature,Sylhet reasonable value for a short trip,3
sylhet,nature,Sylhet great breakfast and friendly staff average stay nothing special,3
sylhet,nature,Sylhet spotless room with great view,5
sylhet,nature,Sylhet staff ignored our complaints,1
sylhet,nature,Sylhet best trip ever highly recommend memorable stay with excellent food,5
sylhet,nature,Sylhet amazing experience wonderful staff,5
sylhet,nature,Sylhet average stay nothing special expected better from the pictures rude staff and noisy place,2
sylhet,nature,Sylhet reasonable value for a short trip,3
sylhet,nature,Sylhet rude staff and noisy place below average food and slow wifi,2
sylhet,nature,Sylhet reasonable value for a short trip reasonable value for a short trip,3
sylhet,nature,Sylhet nice food and helpful staff memorable stay with excellent food,5
sylhet,nature,Sylhet fine but nothing to remember small room and unhelpful staff nice food and helpful staff,3
sylhet,nature,Sylhet horrible smell and broken air conditioning,1
sylhet,nature,Sylhet decent location but small rooms small room and unhelpful staff,2
sylhet,nature,Sylhet amazing experience wonderful staff memorable stay with excellent food memorable stay with excellent food,5
sylhet,nature,Sylhet rude staff and noisy place terrible service and dirty room staff ignored our complaints,1
sylhet,nature,Sylhet expected better from the pictures reasonable value for a short trip great breakfast and friendly staff,3
sylhet,nature,Sylhet below average food and slow wifi small room and unhelpful staff,2
sylhet,nature,Sylhet amazing experience wonderful staff,5
sylhet,nature,Sylhet great breakfast and friendly staff decent location but small rooms mediocre rooms with bad lighting,3
sylhet,nature,Sylhet memorable stay with excellent food,5
sylhet,nature,Sylhet reasonable value for a short trip rude staff and noisy place expected better from the pictures,2
sylhet,nature,Sylhet nice food and helpful staff,4
sylhet,nature,Sylhet mediocre rooms with bad lighting mediocre rooms with bad lighting,2
sylhet,nature,Sylhet rude staff and noisy place horrible smell and broken air conditioning,1
sylhet,nature,Sylhet small room and unhelpful staff rude staff and noisy place staff ignored our complaints,2
sylhet,nature,Sylhet outstanding service and perfect location great breakfast and friendly staff outstanding service and perfect location,5
sylhet,nature,Sylhet terrible service and dirty room,1
sylhet,nature,Sylhet small room and unhelpful staff rude staff and noisy place,1
sylhet,nature,Sylhet worst experience ever,1
sylhet,nature,Sylhet small room and unhelpful staff mediocre rooms with bad lighting fine but nothing to remember,2
sylhet,nature,Sylhet small room and unhelpful staff terrible service and dirty room,1
sylhet,nature,Sylhet expected better from the pictures mediocre rooms with bad lighting small room and unhelpful staff,2
sylhet,nature,Sylhet fine but nothing to remember,3
sylhet,nature,Sylhet expected better from the pictures horrible smell and broken air conditioning,1
sylhet,nature,Sylhet nice food and helpful staff pleasant view and good wifi,4
sylhet,nature,Sylhet okay place for one night expected better from the pictures,3
sylhet,nature,Sylhet horrible smell and broken air conditioning,1
sylhet,nature,Sylhet great breakfast and friendly staff amazing experience wonderful staff,4
sylhet,nature,Sylhet amazing experience wonderful staff great breakfast and friendly staff outstanding service and perfect location,4
sylhet,nature,Sylhet okay place for one night decent location but small rooms below average food and slow wifi,3
sylhet,nature,Sylhet expected better from the pictures decent location but small rooms average stay nothing special,3
sylhet,nature,Sylhet mediocre rooms with bad lighting small room and unhelpful staff,2
sylhet,nature,Sylhet outstanding service and perfect location nice food and helpful staff great breakfast and friendly staff,4
sylhet,nature,Sylhet terrible service and dirty room mediocre rooms with bad lighting horrible smell and broken air conditioning,1
sylhet,nature,Sylhet below average food and slow wifi,2
sylhet,nature,Sylhet average stay nothing special below average food and slow wifi,2
sylhet,nature,Sylhet outstanding service and perfect location,5
sylhet,nature,Sylhet mediocre rooms with bad lighting horrible smell and broken air conditioning,1
sylhet,nature,Sylhet spotless room with great view memorable stay with excellent food,5
sylhet,nature,Sylhet spotless room with great view amazing experience wonderful staff,5
sylhet,nature,Sylhet expected better from the pictures terrible service and dirty room,2
sylhet,nature,Sylhet outstanding service and perfect location memorable stay with excellent food best trip ever highly recommend,5
sylhet,nature,Sylhet reasonable value for a short trip expected better from the pictures,3
sylhet,nature,Sylhet outstanding service and perfect location great breakfast and friendly staff,4
sylhet,nature,Sylhet comfortable stay would return,4
sylhet,nature,Sylhet okay place for one night great breakfast and friendly staff below average food and slow wifi,3
